{
    "x": -4.299245357513428,
    "y": 0.06696431338787079,
    "z": 0.0,
    "currentHp": 0.0
}